Alan Ratings,Aaron Ratings,Lotfi Ratings
BUG,BUG,BUG
BUG,BUG,BUG
BUG,BUG,BUG
BUG,BUG,BUG
BUG,BUG,BUG
BUG,BUG,BUG
BUG,BUG,BUG
BUG,BUG,BUG
BUG,BUG,BUG
BUG,BUG,BUG
BUG,BUG,BUG
BUG,BUG,BUG
BUG,BUG,BUG
BUG,BUG,BUG
BUG,BUG,BUG
NUG,NUG,NUG
NUG,NUG,NUG
NUG,NUG,NUG
NUG,NUG,NUG
NUG,NUG,NUG
NUG,NUG,NUG
NUG,NUG,NUG
BUG,BUG,BUG
NUG,NUG,NUG
NUG,NUG,NUG
NUG,NUG,NUG
NUG,NUG,NUG
BUG,BUG,BUG
BUG,BUG,BUG
BUG,BUG,BUG
NUG,NUG,NUG
NUG,NUG,NUG
NUG,BUG,NUG
BUG,BUG,BUG
NUG,NUG,NUG
BUG,BUG,BUG
BUG,BUG,BUG
BUG,BUG,BUG
BUG,BUG,BUG
BUG,BUG,BUG
BUG,BUG,BUG
NUG,NUG,NUG
NUG,NUG,NUG
NUG,NUG,NUG
BUG,BUG,BUG
BUG,BUG,BUG
BUG,BUG,BUG
BUG,BUG,BUG
BUG,BUG,BUG
BUG,BUG,BUG
BUG,BUG,BUG
BUG,BUG,BUG
BUG,BUG,BUG
BUG,BUG,BUG
BUG,BUG,BUG
NUG,NUG,NUG
NUG,NUG,NUG
NUG,NUG,NUG
NUG,NUG,NUG
BUG,BUG,BUG
BUG,BUG,BUG
BUG,BUG,BUG
BUG,BUG,BUG
BUG,BUG,BUG
NUG,NUG,NUG
NUG,BUG,BUG
NUG,NUG,NUG
NUG,NUG,NUG
BUG,BUG,BUG
BUG,BUG,BUG
BUG,BUG,BUG
BUG,BUG,BUG
NUG,NUG,NUG
NUG,NUG,NUG
NUG,NUG,NUG
BUG,BUG,BUG
BUG,BUG,BUG
BUG,BUG,BUG
NUG,NUG,NUG
NUG,NUG,NUG
NUG,NUG,NUG
NUG,NUG,NUG
NUG,NUG,NUG
NUG,NUG,NUG
NUG,NUG,NUG
NUG,NUG,NUG
NUG,NUG,NUG
NUG,NUG,NUG
NUG,NUG,NUG
NUG,NUG,NUG
NUG,NUG,NUG
NUG,NUG,NUG
BUG,BUG,BUG
NUG,BUG,BUG
NUG,NUG,NUG
NUG,NUG,NUG
NUG,NUG,NUG
NUG,NUG,NUG
NUG,NUG,NUG
NUG,NUG,NUG
NUG,NUG,NUG
NUG,NUG,NUG
BUG,BUG,BUG
BUG,BUG,BUG
BUG,BUG,BUG
BUG,BUG,BUG
NUG,NUG,NUG
NUG,NUG,NUG
BUG,BUG,BUG
BUG,BUG,BUG
BUG,BUG,BUG
BUG,BUG,BUG
NUG,NUG,NUG
BUG,BUG,BUG
BUG,BUG,BUG
BUG,BUG,BUG
BUG,BUG,BUG
BUG,BUG,BUG
NUG,NUG,NUG
NUG,NUG,NUG
NUG,NUG,NUG
BUG,BUG,BUG
BUG,BUG,BUG
BUG,BUG,BUG
BUG,BUG,BUG
NUG,NUG,NUG
BUG,BUG,BUG
NUG,NUG,NUG
NUG,NUG,NUG
BUG,BUG,BUG
NUG,NUG,NUG
BUG,BUG,BUG
BUG,NUG,BUG
NUG,NUG,NUG
NUG,NUG,NUG
BUG,BUG,BUG
NUG,NUG,NUG
NUG,NUG,NUG
NUG,NUG,NUG
BUG,BUG,BUG
NUG,NUG,NUG
NUG,NUG,NUG
BUG,BUG,BUG
BUG,BUG,BUG
NUG,NUG,NUG
BUG,BUG,BUG
NUG,NUG,NUG
BUG,BUG,BUG
NUG,NUG,NUG
NUG,NUG,NUG
BUG,BUG,BUG
BUG,BUG,BUG
BUG,BUG,BUG
BUG,BUG,BUG
BUG,BUG,BUG
BUG,BUG,BUG
BUG,NUG,BUG
NUG,NUG,NUG
NUG,NUG,NUG
BUG,BUG,BUG
NUG,NUG,NUG
NUG,NUG,NUG
NUG,NUG,NUG
NUG,NUG,NUG
NUG,NUG,NUG
NUG,NUG,NUG
BUG,BUG,BUG
NUG,NUG,NUG
BUG,BUG,BUG
NUG,NUG,NUG
NUG,NUG,NUG
BUG,BUG,BUG
BUG,BUG,BUG
NUG,NUG,NUG
NUG,NUG,NUG
BUG,BUG,BUG
NUG,NUG,NUG
NUG,NUG,NUG
NUG,NUG,NUG
NUG,NUG,NUG
NUG,NUG,NUG
BUG,BUG,BUG
NUG,NUG,NUG
NUG,NUG,NUG
BUG,BUG,BUG
NUG,NUG,NUG
BUG,BUG,BUG
NUG,NUG,NUG
BUG,BUG,BUG
NUG,NUG,NUG
BUG,BUG,BUG
NUG,NUG,NUG
NUG,NUG,NUG
BUG,BUG,BUG
BUG,BUG,BUG
BUG,BUG,BUG
BUG,BUG,BUG
BUG,BUG,BUG
NUG,NUG,NUG
BUG,BUG,BUG
BUG,BUG,BUG
BUG,BUG,BUG
NUG,NUG,NUG
BUG,BUG,BUG
NUG,NUG,NUG
NUG,NUG,NUG
NUG,NUG,NUG
NUG,NUG,NUG
NUG,NUG,NUG
NUG,NUG,NUG
NUG,NUG,NUG
NUG,NUG,NUG
NUG,BUG,NUG
BUG,BUG,BUG
NUG,NUG,NUG
NUG,NUG,NUG
BUG,BUG,BUG
NUG,NUG,NUG
BUG,BUG,BUG
NUG,NUG,NUG
NUG,BUG,NUG
NUG,BUG,NUG
NUG,BUG,NUG
NUG,NUG,NUG
NUG,NUG,NUG
NUG,NUG,NUG
BUG,BUG,BUG
NUG,NUG,NUG
NUG,NUG,NUG
BUG,BUG,BUG
NUG,NUG,NUG
BUG,BUG,BUG
NUG,NUG,NUG
NUG,NUG,NUG
NUG,NUG,NUG
NUG,NUG,NUG
NUG,NUG,NUG
BUG,BUG,BUG
NUG,NUG,NUG
BUG,BUG,BUG
NUG,NUG,NUG
NUG,NUG,NUG
NUG,NUG,NUG
BUG,BUG,BUG
NUG,NUG,NUG
BUG,BUG,BUG
NUG,NUG,NUG
BUG,BUG,BUG
NUG,NUG,NUG
BUG,BUG,BUG
BUG,BUG,BUG
BUG,BUG,BUG
NUG,NUG,NUG
BUG,BUG,BUG
BUG,BUG,BUG
BUG,BUG,BUG
NUG,NUG,NUG
NUG,NUG,NUG
NUG,NUG,NUG
NUG,NUG,NUG
BUG,BUG,BUG
NUG,BUG,NUG
NUG,NUG,NUG
NUG,NUG,NUG
BUG,BUG,BUG
BUG,BUG,BUG
NUG,NUG,NUG
BUG,BUG,BUG
BUG,BUG,BUG
NUG,NUG,NUG
NUG,NUG,NUG
NUG,NUG,NUG
BUG,BUG,BUG
BUG,BUG,BUG
NUG,NUG,NUG
NUG,NUG,NUG
NUG,NUG,NUG
NUG,BUG,NUG
NUG,NUG,NUG
BUG,NUG,BUG
BUG,BUG,BUG
NUG,NUG,NUG
BUG,BUG,BUG
NUG,NUG,NUG
NUG,NUG,NUG
BUG,BUG,BUG
NUG,NUG,NUG
BUG,BUG,BUG
NUG,NUG,NUG
NUG,NUG,NUG
BUG,BUG,BUG
NUG,NUG,NUG
NUG,NUG,NUG
BUG,BUG,BUG
BUG,BUG,BUG
NUG,NUG,NUG
BUG,BUG,BUG
NUG,NUG,NUG
NUG,NUG,NUG
NUG,NUG,NUG
BUG,BUG,BUG
BUG,BUG,BUG
BUG,BUG,BUG
NUG,NUG,NUG
BUG,BUG,BUG
BUG,BUG,BUG
NUG,NUG,NUG
BUG,BUG,BUG
NUG,NUG,NUG
NUG,NUG,NUG
NUG,NUG,NUG
NUG,NUG,NUG
NUG,NUG,NUG
NUG,NUG,NUG
NUG,NUG,BUG
NUG,NUG,NUG
NUG,NUG,NUG
NUG,NUG,NUG
NUG,NUG,NUG
BUG,BUG,BUG
BUG,NUG,NUG
NUG,NUG,NUG
NUG,NUG,NUG
NUG,NUG,NUG
NUG,NUG,NUG
NUG,NUG,NUG
NUG,NUG,NUG
NUG,NUG,NUG
BUG,BUG,NUG
BUG,BUG,BUG
NUG,NUG,NUG
BUG,BUG,BUG
BUG,BUG,BUG
NUG,NUG,NUG
BUG,BUG,BUG
BUG,BUG,BUG
NUG,NUG,NUG
BUG,BUG,BUG
NUG,NUG,NUG
NUG,NUG,NUG
BUG,BUG,BUG
NUG,NUG,NUG
BUG,BUG,BUG
BUG,BUG,BUG
NUG,NUG,NUG
BUG,BUG,BUG
BUG,BUG,BUG
NUG,NUG,NUG
NUG,NUG,NUG
NUG,NUG,NUG
NUG,NUG,NUG
NUG,NUG,NUG
NUG,NUG,NUG
NUG,NUG,NUG
NUG,NUG,NUG
NUG,NUG,NUG
BUG,NUG,BUG
NUG,NUG,NUG
NUG,NUG,NUG
NUG,BUG,BUG
NUG,NUG,NUG
NUG,NUG,NUG
BUG,BUG,BUG
NUG,NUG,NUG
 BUG, BUG, BUG
BUG,BUG,BUG
NUG,NUG,NUG
BUG,BUG,BUG
NUG,NUG,NUG
NUG,NUG,NUG
BUG,BUG,BUG
NUG,NUG,NUG
BUG,BUG,BUG
BUG,BUG,BUG
BUG,BUG,BUG
BUG,BUG,BUG
NUG,NUG,NUG
BUG,BUG,BUG
NUG,NUG,NUG
NUG,NUG,NUG
NUG,NUG,NUG
BUG,BUG,BUG
NUG,NUG,NUG
NUG,NUG,NUG
BUG,BUG,BUG
NUG,NUG,NUG
NUG,NUG,NUG
BUG,BUG,BUG
BUG,BUG,BUG
BUG,BUG,BUG
BUG,BUG,BUG
NUG,NUG,NUG
NUG,NUG,NUG
BUG,BUG,BUG
NUG,NUG,NUG
BUG,BUG,BUG
NUG,NUG,NUG
NUG,NUG,NUG
BUG,BUG,BUG
NUG,NUG,NUG
NUG,NUG,NUG
BUG,BUG,BUG
NUG,NUG,NUG
NUG,NUG,NUG
NUG,NUG,NUG
BUG,BUG,BUG
BUG,BUG,BUG
BUG,BUG,BUG
BUG,BUG,BUG
BUG,BUG,BUG
BUG,BUG,BUG
NUG,NUG,NUG
NUG,NUG,NUG
NUG,NUG,NUG
BUG,BUG,BUG
BUG,BUG,BUG
NUG,NUG,NUG
NUG,NUG,NUG
NUG,NUG,NUG
NUG,NUG,NUG
NUG,NUG,NUG
NUG,NUG,NUG
NUG,NUG,NUG
BUG,BUG,BUG
NUG,NUG,NUG
NUG,NUG,NUG
NUG,NUG,NUG
NUG,NUG,NUG
NUG,NUG,NUG
NUG,NUG,NUG
NUG,NUG,NUG
NUG,NUG,NUG
NUG,NUG,NUG
BUG,BUG,BUG
NUG,NUG,NUG
NUG,NUG,NUG
BUG,BUG,BUG
BUG,BUG,BUG
BUG,BUG,BUG
NUG,NUG,NUG
NUG,NUG,NUG
NUG,NUG,NUG
BUG,BUG,BUG
BUG,BUG,BUG
NUG,NUG,NUG
BUG,BUG,BUG
BUG,BUG,BUG
NUG,NUG,NUG
NUG,NUG,NUG
NUG,NUG,NUG
NUG,NUG,NUG
NUG,NUG,NUG
BUG,BUG,BUG
BUG,BUG,BUG
BUG,BUG,BUG
NUG,NUG,NUG
BUG,BUG,BUG
BUG,BUG,BUG
NUG,NUG,NUG
BUG,BUG,BUG
NUG,NUG,NUG
NUG,NUG,NUG
BUG,BUG,BUG
NUG,NUG,NUG
NUG,NUG,NUG
BUG,BUG,BUG
NUG,NUG,NUG
BUG,BUG,BUG
NUG,NUG,NUG
NUG,NUG,NUG
BUG,BUG,BUG
BUG,BUG,BUG
NUG,NUG,NUG
BUG,BUG,BUG
NUG,NUG,NUG
NUG,NUG,NUG
NUG,NUG,NUG
NUG,NUG,NUG
NUG,NUG,NUG
NUG,NUG,NUG
NUG,NUG,NUG
NUG,NUG,NUG
NUG,NUG,NUG
NUG,NUG,NUG
NUG,NUG,NUG
NUG,NUG,NUG
NUG,NUG,NUG
NUG,NUG,NUG
NUG,NUG,NUG
BUG,BUG,BUG
NUG,NUG,NUG
NUG,NUG,NUG
BUG,BUG,BUG
BUG,BUG,BUG
BUG,BUG,BUG
BUG,BUG,BUG
NUG,NUG,NUG
BUG,BUG,BUG
BUG,BUG,BUG
BUG,BUG,BUG
NUG,NUG,NUG
NUG,NUG,NUG
BUG,BUG,BUG
NUG,NUG,NUG
BUG,BUG,BUG
NUG,NUG,NUG
NUG,NUG,NUG
NUG,NUG,NUG
BUG,BUG,BUG
BUG,BUG,BUG
BUG,BUG,BUG
BUG,BUG,BUG
NUG,NUG,NUG
BUG,BUG,BUG
BUG,BUG,BUG
BUG,BUG,BUG
BUG,BUG,BUG
NUG,NUG,NUG
BUG,BUG,BUG
NUG,NUG,NUG
NUG,NUG,NUG
BUG,BUG,BUG
NUG,NUG,NUG
NUG,NUG,NUG
NUG,NUG,NUG
BUG,BUG,BUG
BUG,BUG,BUG
BUG,BUG,BUG
BUG,BUG,BUG
BUG,BUG,BUG
NUG,NUG,NUG
NUG,NUG,NUG
BUG,BUG,BUG
NUG,NUG,NUG
BUG,BUG,BUG
NUG,NUG,NUG
NUG,NUG,NUG
NUG,NUG,NUG
NUG,NUG,NUG
NUG,NUG,NUG
NUG,NUG,NUG
BUG,BUG,BUG
BUG,BUG,BUG
BUG,BUG,BUG
BUG,BUG,BUG
BUG,BUG,BUG
NUG,NUG,NUG
NUG,NUG,NUG
BUG,BUG,BUG
BUG,BUG,BUG
BUG,BUG,BUG
BUG,BUG,BUG
NUG,NUG,NUG
BUG,BUG,BUG
BUG,BUG,BUG
BUG,BUG,BUG
BUG,BUG,BUG
BUG,BUG,BUG
BUG,BUG,BUG
NUG,NUG,NUG
NUG,NUG,NUG
NUG,NUG,NUG
BUG,BUG,BUG
BUG,BUG,BUG
BUG,BUG,BUG
NUG,NUG,NUG
BUG,BUG,BUG
BUG,BUG,BUG
BUG,BUG,BUG
NUG,NUG,NUG
NUG,NUG,NUG
BUG,BUG,BUG
NUG,NUG,NUG
NUG,NUG,NUG
BUG,BUG,BUG
NUG,NUG,NUG
NUG,NUG,NUG
NUG,NUG,NUG
NUG,NUG,NUG
NUG,NUG,NUG
NUG,NUG,NUG
NUG,NUG,NUG
NUG,NUG,NUG
NUG,NUG,NUG
NUG,NUG,NUG
NUG,NUG,NUG
BUG,BUG,BUG
BUG,BUG,BUG
BUG,BUG,BUG
BUG,BUG,BUG
BUG,BUG,BUG
BUG,BUG,BUG
NUG,NUG,NUG
NUG,NUG,NUG
NUG,NUG,NUG
BUG,BUG,BUG
BUG,BUG,BUG
NUG,NUG,NUG
BUG,BUG,BUG
BUG,BUG,BUG
NUG,NUG,NUG
BUG,BUG,BUG
NUG,NUG,NUG
NUG,NUG,NUG
BUG,BUG,BUG
NUG,NUG,NUG
BUG,BUG,BUG
BUG,BUG,BUG
BUG,BUG,BUG
NUG,NUG,NUG
NUG,NUG,NUG
BUG,BUG,BUG
BUG,BUG,BUG
NUG,NUG,NUG
NUG,NUG,NUG
BUG,BUG,BUG
BUG,BUG,BUG
NUG,NUG,NUG
BUG,BUG,BUG
NUG,NUG,NUG
BUG,BUG,BUG
BUG,BUG,BUG
NUG,NUG,NUG
BUG,BUG,BUG
BUG,BUG,BUG
BUG,BUG,BUG
BUG,BUG,BUG
BUG,BUG,BUG
NUG,NUG,NUG
BUG,BUG,BUG
BUG,BUG,BUG
BUG,BUG,BUG
BUG,BUG,BUG
BUG,BUG,BUG
BUG,BUG,BUG
BUG,BUG,BUG
BUG,BUG,BUG
BUG,BUG,BUG
BUG,BUG,BUG
BUG,BUG,BUG
BUG,BUG,BUG
NUG,NUG,NUG
NUG,NUG,NUG
NUG,NUG,NUG
BUG,BUG,BUG
NUG,NUG,NUG
NUG,NUG,NUG
BUG,BUG,BUG
BUG,BUG,BUG
BUG,BUG,BUG
BUG,BUG,BUG
BUG,BUG,BUG
BUG,BUG,BUG
BUG,BUG,BUG
BUG,BUG,BUG
BUG,BUG,NUG
BUG,BUG,BUG
BUG,BUG,BUG
BUG,BUG,BUG
BUG,BUG,BUG
BUG,BUG,BUG
BUG,NUG,NUG
BUG,BUG,BUG
BUG,BUG,BUG
BUG,BUG,BUG
BUG,BUG,BUG
BUG,BUG,BUG
BUG,NUG,BUG
BUG,BUG,NUG
NUG,NUG,NUG
NUG,NUG,NUG
BUG,BUG,BUG
BUG,BUG,BUG
BUG,BUG,BUG
BUG,BUG,BUG
BUG,BUG,BUG
BUG,BUG,BUG
NUG,NUG,NUG
NUG,NUG,NUG
NUG,NUG,NUG
NUG,NUG,NUG
BUG,BUG,BUG
BUG,BUG,BUG
NUG,NUG,NUG
BUG,BUG,BUG
BUG,BUG,BUG
BUG,BUG,BUG
BUG,BUG,BUG
BUG,BUG,BUG
BUG,BUG,BUG
BUG,BUG,BUG
BUG,BUG,BUG
NUG,NUG,NUG
NUG,NUG,NUG
NUG,NUG,BUG
BUG,BUG,BUG
BUG,BUG,BUG
BUG,BUG,BUG
BUG,BUG,BUG
BUG,BUG,BUG
BUG,BUG,BUG
BUG,BUG,BUG
BUG,BUG,BUG
BUG,BUG,BUG
BUG,BUG,BUG
BUG,BUG,BUG
BUG,BUG,BUG
BUG,BUG,BUG
BUG,BUG,BUG
BUG,BUG,BUG
NUG,NUG,NUG
NUG,NUG,NUG
NUG,NUG,NUG
NUG,NUG,NUG
NUG,NUG,NUG
BUG,BUG,BUG
NUG,NUG,NUG
BUG,BUG,BUG
BUG,BUG,BUG
BUG,BUG,BUG
BUG,BUG,BUG
BUG,BUG,BUG
BUG,BUG,BUG
BUG,BUG,BUG
BUG,BUG,BUG
BUG,BUG,BUG
BUG,BUG,BUG
BUG,BUG,BUG
BUG,BUG,BUG
BUG,BUG,BUG
BUG,BUG,BUG
BUG,BUG,BUG
NUG,NUG,NUG
BUG,BUG,NUG
BUG,BUG,BUG
BUG,BUG,BUG
BUG,BUG,BUG
BUG,BUG,BUG
BUG,BUG,BUG
NUG,NUG,NUG
NUG,BUG,BUG
BUG,BUG,BUG
BUG,BUG,BUG
BUG,BUG,BUG
BUG,BUG,BUG
NUG,NUG,NUG
NUG,NUG,NUG
BUG,BUG,BUG
BUG,BUG,BUG
BUG,BUG,BUG
BUG,BUG,BUG
BUG,BUG,BUG
NUG,NUG,NUG
BUG,BUG,BUG
BUG,BUG,BUG
NUG,NUG,NUG
NUG,NUG,NUG
NUG,NUG,NUG
NUG,NUG,NUG
NUG,NUG,NUG
BUG,BUG,BUG
NUG,NUG,NUG
BUG,BUG,BUG
NUG,NUG,NUG
NUG,NUG,NUG
NUG,NUG,NUG
BUG,BUG,BUG
NUG,BUG,BUG
NUG,NUG,NUG
NUG,NUG,NUG
BUG,BUG,BUG
NUG,NUG,NUG
NUG,NUG,NUG
NUG,NUG,NUG
NUG,NUG,NUG
NUG,NUG,NUG
BUG,BUG,BUG
BUG,BUG,BUG
NUG,NUG,NUG
NUG,NUG,NUG
NUG,NUG,NUG
NUG,NUG,NUG
NUG,NUG,NUG
BUG,BUG,BUG
BUG,BUG,BUG
BUG,BUG,BUG
NUG,NUG,NUG
BUG,BUG,BUG
NUG,NUG,NUG
BUG,BUG,BUG
NUG,BUG,BUG
BUG,BUG,BUG
BUG,BUG,BUG
BUG,BUG,BUG
BUG,NUG,NUG
NUG,NUG,NUG
BUG,BUG,BUG
BUG,BUG,BUG
BUG,BUG,BUG
BUG,BUG,BUG
